member_casual,total_rides,total_ride_minutes,avg_ride_length
casual,1994774,38164257.59716896,19.13212103083806
member,3552553,42461523.011904314,11.952396772660201
